uid1,Aldrago1,password1
uid2,Aldrago2,password2
uid3,Aldrago3,password3
uid4,Aldrago4,password4
uid5,Aldrago5,password5
uid6,Aldrago6,password6
uid7,Aldrago7,password7
uid8,Aldrago8,password8
uid9,Aldrago9,password9
uid10,Aldrago10,password10
uid11,Aldrago11,password11
uid12,Aldrago12,password12
uid13,Aldrago13,password13
uid14,Aldrago14,password14
uid15,Aldrago15,password15
uid16,Aldrago16,password16
uid17,Aldrago17,password17
uid18,Aldrago18,password18
uid19,Aldrago19,password19
uid20,Aldrago20,password20
uid21,Aldrago21,password21
uid22,Aldrago22,password22
uid23,Aldrago23,password23
uid24,Aldrago24,password24
uid25,Aldrago25,password25
uid26,Aldrago26,password26
uid27,Aldrago27,password27
uid28,Aldrago28,password28
uid29,Aldrago29,password29
uid30,Aldrago30,password30